corporate_member_id,corporate_id,member_id,designation,enrollment_date
CM00001,CO029,M000005,Executive,2022-08-07
CM00002,CO052,M000014,Director,2021-04-14
CM00003,CO014,M000015,Software Engineer,2024-02-10
CM00004,CO026,M000017,Consultant,2023-02-09
CM00005,CO032,M000022,Manager,2021-02-18
CM00006,CO046,M000033,Software Engineer,2022-10-08
CM00007,CO036,M000035,Team Lead,2021-08-10
CM00008,CO042,M000040,Director,2025-12-02
CM00009,CO045,M000041,Director,2022-07-25
CM00010,CO049,M000044,Manager,2024-03-06
CM00011,CO034,M000045,Consultant,2022-04-05
CM00012,CO027,M000048,Manager,2024-10-26
CM00013,CO019,M000049,Analyst,2025-04-09
CM00014,CO054,M000050,Executive,2021-12-15
CM00015,CO007,M000052,Team Lead,2025-07-05
CM00016,CO003,M000053,Consultant,2023-08-04
CM00017,CO037,M000054,Manager,2024-09-12
CM00018,CO017,M000056,Manager,2023-08-14
CM00019,CO015,M000063,Software Engineer,2025-07-07
CM00020,CO004,M000064,Consultant,2021-09-01
CM00021,CO018,M000065,Analyst,2022-10-20
CM00022,CO035,M000066,Executive,2022-07-15
CM00023,CO019,M000070,Executive,2025-06-15
CM00024,CO030,M000076,Team Lead,2025-12-24
CM00025,CO056,M000077,Software Engineer,2024-09-25
CM00026,CO026,M000079,Analyst,2024-09-20
CM00027,CO027,M000080,Director,2024-11-17
CM00028,CO017,M000093,Software Engineer,2021-03-07
CM00029,CO005,M000097,Software Engineer,2021-10-10
CM00030,CO060,M000099,Consultant,2022-06-15
CM00031,CO001,M000104,Team Lead,2024-09-19
CM00032,CO002,M000108,Executive,2024-01-20
CM00033,CO055,M000110,Manager,2022-04-05
CM00034,CO021,M000115,Analyst,2022-11-28
CM00035,CO030,M000120,Analyst,2025-09-29
CM00036,CO022,M000130,Director,2024-05-15
CM00037,CO010,M000131,Executive,2025-02-07
CM00038,CO021,M000135,Team Lead,2024-09-05
CM00039,CO022,M000142,Executive,2021-07-17
CM00040,CO028,M000147,Executive,2025-04-26
CM00041,CO019,M000152,Analyst,2022-03-13
CM00042,CO022,M000153,Manager,2025-05-17
CM00043,CO039,M000155,Manager,2021-09-11
CM00044,CO015,M000156,Analyst,2024-01-12
CM00045,CO012,M000157,Director,2024-04-03
CM00046,CO058,M000165,Team Lead,2021-09-04
CM00047,CO013,M000168,Team Lead,2025-11-18
CM00048,CO042,M000169,Software Engineer,2022-11-18
CM00049,CO024,M000174,Executive,2023-11-06
CM00050,CO044,M000176,Executive,2022-09-19
CM00051,CO025,M000180,Software Engineer,2021-05-29
CM00052,CO040,M000185,Consultant,2023-06-05
CM00053,CO026,M000190,Software Engineer,2022-01-29
CM00054,CO028,M000193,Analyst,2023-08-17
CM00055,CO011,M000194,Director,2023-02-23
CM00056,CO020,M000197,Consultant,2023-01-08
CM00057,CO047,M000201,Manager,2021-02-03
CM00058,CO060,M000214,Executive,2022-01-14
CM00059,CO060,M000215,Team Lead,2022-11-01
CM00060,CO008,M000216,Software Engineer,2024-06-15
CM00061,CO014,M000218,Analyst,2023-03-15
CM00062,CO056,M000221,Analyst,2021-10-09
CM00063,CO039,M000225,Executive,2021-01-01
CM00064,CO043,M000226,Team Lead,2022-01-01
CM00065,CO038,M000227,Executive,2023-04-29
CM00066,CO055,M000228,Director,2023-05-04
CM00067,CO003,M000238,Executive,2021-08-26
CM00068,CO042,M000241,Team Lead,2025-04-03
CM00069,CO017,M000244,Director,2024-11-14
CM00070,CO015,M000248,Analyst,2023-04-03
CM00071,CO004,M000249,Manager,2025-11-02
CM00072,CO044,M000253,Consultant,2021-05-23
CM00073,CO019,M000259,Executive,2023-02-20
CM00074,CO011,M000260,Consultant,2023-07-19
CM00075,CO021,M000262,Team Lead,2025-12-17
CM00076,CO014,M000264,Consultant,2021-03-30
CM00077,CO045,M000266,Analyst,2025-06-25
CM00078,CO012,M000269,Analyst,2021-06-26
CM00079,CO030,M000270,Software Engineer,2021-08-17
CM00080,CO044,M000287,Software Engineer,2022-07-11
CM00081,CO043,M000288,Executive,2022-04-04
CM00082,CO049,M000292,Team Lead,2023-07-28
CM00083,CO019,M000293,Executive,2024-09-16
CM00084,CO007,M000295,Executive,2023-10-21
CM00085,CO026,M000297,Manager,2024-12-26
CM00086,CO012,M000298,Manager,2025-06-12
CM00087,CO056,M000301,Director,2023-05-05
CM00088,CO002,M000302,Manager,2024-09-07
CM00089,CO055,M000323,Executive,2022-06-07
CM00090,CO054,M000326,Executive,2024-06-07
CM00091,CO031,M000334,Analyst,2024-03-11
CM00092,CO027,M000335,Manager,2021-09-20
CM00093,CO041,M000345,Software Engineer,2025-10-29
CM00094,CO004,M000348,Analyst,2024-08-24
CM00095,CO022,M000350,Team Lead,2024-02-27
CM00096,CO018,M000357,Director,2022-03-19
CM00097,CO053,M000365,Team Lead,2024-08-06
CM00098,CO027,M000366,Executive,2023-09-10
CM00099,CO035,M000368,Manager,2024-05-08
CM00100,CO060,M000371,Consultant,2025-01-18
CM00101,CO011,M000373,Consultant,2021-07-21
CM00102,CO048,M000383,Analyst,2023-12-21
CM00103,CO044,M000385,Director,2023-03-08
CM00104,CO045,M000391,Software Engineer,2022-11-29
CM00105,CO041,M000394,Software Engineer,2022-01-09
CM00106,CO036,M000395,Team Lead,2023-09-07
CM00107,CO015,M000398,Consultant,2025-03-03
CM00108,CO048,M000401,Director,2021-07-02
CM00109,CO037,M000408,Team Lead,2021-04-05
CM00110,CO025,M000409,Manager,2025-09-05
CM00111,CO032,M000411,Software Engineer,2021-01-10
CM00112,CO042,M000413,Consultant,2021-02-09
CM00113,CO023,M000415,Consultant,2024-01-29
CM00114,CO037,M000416,Director,2022-07-13
CM00115,CO008,M000418,Analyst,2024-06-08
CM00116,CO047,M000420,Software Engineer,2024-08-13
CM00117,CO004,M000424,Director,2022-07-09
CM00118,CO044,M000429,Manager,2023-08-12
CM00119,CO058,M000430,Team Lead,2024-08-16
CM00120,CO040,M000431,Analyst,2025-06-19
CM00121,CO008,M000439,Executive,2023-02-03
CM00122,CO013,M000451,Executive,2022-10-21
CM00123,CO019,M000453,Consultant,2023-04-14
CM00124,CO012,M000455,Director,2022-06-05
CM00125,CO020,M000458,Software Engineer,2023-09-12
CM00126,CO056,M000462,Manager,2024-12-03
CM00127,CO049,M000464,Consultant,2022-01-23
CM00128,CO040,M000472,Director,2024-08-16
CM00129,CO004,M000477,Executive,2025-04-21
CM00130,CO030,M000482,Director,2021-03-31
CM00131,CO051,M000499,Manager,2022-01-30
CM00132,CO005,M000502,Software Engineer,2022-12-21
CM00133,CO007,M000509,Analyst,2022-08-27
CM00134,CO022,M000513,Analyst,2023-01-16
CM00135,CO036,M000518,Consultant,2023-07-14
CM00136,CO019,M000521,Director,2025-11-12
CM00137,CO050,M000523,Executive,2024-03-24
CM00138,CO001,M000534,Analyst,2025-02-24
CM00139,CO039,M000552,Executive,2023-09-05
CM00140,CO006,M000566,Executive,2025-01-19
CM00141,CO043,M000569,Executive,2022-10-19
CM00142,CO036,M000570,Software Engineer,2021-01-18
CM00143,CO007,M000573,Software Engineer,2022-02-04
CM00144,CO018,M000578,Software Engineer,2025-05-19
CM00145,CO023,M000586,Director,2023-11-12
CM00146,CO026,M000587,Manager,2023-01-06
CM00147,CO052,M000588,Executive,2023-01-10
CM00148,CO060,M000591,Software Engineer,2022-09-05
CM00149,CO022,M000596,Software Engineer,2024-08-28
CM00150,CO022,M000598,Consultant,2021-06-06
CM00151,CO013,M000600,Software Engineer,2022-05-23
CM00152,CO018,M000601,Analyst,2022-02-11
CM00153,CO025,M000607,Executive,2022-12-03
CM00154,CO022,M000609,Team Lead,2021-11-06
CM00155,CO058,M000614,Director,2022-09-20
CM00156,CO058,M000619,Manager,2024-09-05
CM00157,CO049,M000620,Executive,2021-07-09
CM00158,CO003,M000629,Software Engineer,2024-06-17
CM00159,CO002,M000630,Analyst,2024-09-10
CM00160,CO019,M000633,Executive,2023-11-25
CM00161,CO048,M000637,Director,2023-08-29
CM00162,CO018,M000638,Consultant,2021-07-06
CM00163,CO060,M000640,Executive,2022-08-03
CM00164,CO042,M000645,Team Lead,2021-01-12
CM00165,CO055,M000646,Analyst,2021-01-22
CM00166,CO010,M000651,Executive,2025-01-29
CM00167,CO036,M000654,Executive,2025-07-23
CM00168,CO040,M000656,Analyst,2023-08-04
CM00169,CO049,M000657,Executive,2022-12-17
CM00170,CO043,M000671,Consultant,2023-05-26
CM00171,CO048,M000673,Consultant,2024-09-19
CM00172,CO010,M000677,Manager,2021-03-22
CM00173,CO045,M000681,Analyst,2021-02-17
CM00174,CO024,M000686,Software Engineer,2024-06-20
CM00175,CO009,M000687,Software Engineer,2021-02-23
CM00176,CO004,M000690,Analyst,2023-12-01
CM00177,CO047,M000691,Analyst,2025-12-11
CM00178,CO048,M000694,Manager,2024-04-26
CM00179,CO058,M000698,Analyst,2022-06-10
CM00180,CO019,M000701,Software Engineer,2022-11-09
CM00181,CO053,M000715,Team Lead,2022-11-15
CM00182,CO031,M000717,Analyst,2023-04-30
CM00183,CO010,M000724,Consultant,2022-08-27
CM00184,CO021,M000728,Analyst,2024-01-31
CM00185,CO028,M000730,Director,2021-03-12
CM00186,CO031,M000740,Team Lead,2022-12-28
CM00187,CO040,M000741,Director,2024-07-30
CM00188,CO035,M000746,Director,2021-03-28
CM00189,CO044,M000747,Executive,2021-12-20
CM00190,CO057,M000752,Team Lead,2025-01-24
CM00191,CO033,M000756,Executive,2023-07-08
CM00192,CO004,M000764,Analyst,2024-01-13
CM00193,CO049,M000765,Analyst,2022-09-27
CM00194,CO046,M000768,Director,2025-11-25
CM00195,CO044,M000774,Director,2025-01-12
CM00196,CO038,M000775,Consultant,2024-10-22
CM00197,CO053,M000778,Manager,2021-12-26
CM00198,CO036,M000789,Software Engineer,2025-06-14
CM00199,CO007,M000790,Manager,2025-11-12
CM00200,CO003,M000794,Manager,2024-08-03
CM00201,CO033,M000796,Analyst,2023-09-02
CM00202,CO044,M000799,Consultant,2021-12-21
CM00203,CO052,M000804,Executive,2024-08-18
CM00204,CO052,M000810,Consultant,2024-12-30
CM00205,CO042,M000816,Software Engineer,2021-03-26
CM00206,CO002,M000817,Analyst,2024-09-20
CM00207,CO044,M000818,Consultant,2022-07-05
CM00208,CO026,M000822,Executive,2024-06-12
CM00209,CO041,M000823,Team Lead,2022-06-12
CM00210,CO010,M000825,Software Engineer,2021-08-22
CM00211,CO014,M000827,Analyst,2025-09-12
CM00212,CO002,M000843,Software Engineer,2021-07-05
CM00213,CO023,M000850,Analyst,2022-02-11
CM00214,CO008,M000858,Executive,2024-05-22
CM00215,CO040,M000864,Manager,2022-02-20
CM00216,CO032,M000865,Manager,2021-09-15
CM00217,CO056,M000878,Software Engineer,2025-07-13
CM00218,CO026,M000882,Analyst,2021-06-17
CM00219,CO060,M000885,Executive,2021-08-06
CM00220,CO036,M000888,Software Engineer,2024-05-24
CM00221,CO042,M000893,Consultant,2023-02-12
CM00222,CO005,M000901,Consultant,2023-01-19
CM00223,CO010,M000903,Director,2023-12-22
CM00224,CO004,M000904,Executive,2024-06-24
CM00225,CO027,M000905,Consultant,2025-09-26
CM00226,CO058,M000913,Director,2021-04-23
CM00227,CO036,M000915,Manager,2022-04-16
CM00228,CO005,M000917,Analyst,2021-08-28
CM00229,CO028,M000922,Director,2025-12-28
CM00230,CO008,M000934,Executive,2022-10-31
CM00231,CO014,M000944,Manager,2024-10-09
CM00232,CO006,M000946,Executive,2021-12-09
CM00233,CO048,M000947,Manager,2024-11-10
CM00234,CO012,M000948,Manager,2024-09-08
CM00235,CO016,M000952,Executive,2022-03-20
CM00236,CO053,M000958,Executive,2024-11-13
CM00237,CO001,M000965,Team Lead,2022-12-24
CM00238,CO032,M000966,Manager,2022-04-22
CM00239,CO017,M000973,Team Lead,2021-02-09
CM00240,CO002,M000982,Consultant,2022-08-03
CM00241,CO031,M000989,Manager,2024-05-26
CM00242,CO047,M000990,Manager,2021-04-04
CM00243,CO054,M000992,Analyst,2023-10-18
CM00244,CO051,M000993,Manager,2021-07-11
CM00245,CO013,M000994,Executive,2024-11-29
CM00246,CO050,M000995,Consultant,2022-09-20
CM00247,CO033,M001003,Manager,2025-02-27
CM00248,CO060,M001017,Manager,2021-03-18
CM00249,CO012,M001019,Executive,2025-05-11
CM00250,CO001,M001021,Director,2021-11-17
CM00251,CO009,M001027,Executive,2023-03-28
CM00252,CO024,M001028,Director,2021-11-19
CM00253,CO056,M001042,Software Engineer,2024-02-20
CM00254,CO008,M001047,Software Engineer,2025-01-13
CM00255,CO014,M001053,Manager,2025-09-22
CM00256,CO057,M001055,Manager,2021-03-06
CM00257,CO003,M001056,Executive,2022-04-07
CM00258,CO005,M001058,Analyst,2022-11-28
CM00259,CO010,M001063,Consultant,2024-01-16
CM00260,CO007,M001065,Manager,2021-01-27
CM00261,CO033,M001069,Analyst,2023-05-29
CM00262,CO044,M001079,Manager,2023-02-14
CM00263,CO038,M001083,Director,2025-01-06
CM00264,CO017,M001090,Analyst,2023-01-03
CM00265,CO015,M001092,Analyst,2024-11-06
CM00266,CO016,M001094,Manager,2023-04-09
CM00267,CO013,M001096,Software Engineer,2025-12-18
CM00268,CO020,M001098,Executive,2021-11-17
CM00269,CO043,M001102,Software Engineer,2025-07-24
CM00270,CO001,M001103,Director,2024-12-11
CM00271,CO005,M001110,Consultant,2021-03-07
CM00272,CO046,M001122,Analyst,2022-03-30
CM00273,CO058,M001133,Consultant,2024-01-23
CM00274,CO023,M001136,Manager,2022-06-15
CM00275,CO031,M001138,Consultant,2025-12-13
CM00276,CO036,M001149,Executive,2023-06-19
CM00277,CO048,M001154,Manager,2022-10-15
CM00278,CO010,M001156,Executive,2021-01-21
CM00279,CO010,M001159,Team Lead,2023-12-12
CM00280,CO027,M001162,Analyst,2025-08-17
CM00281,CO001,M001163,Analyst,2022-09-12
CM00282,CO015,M001165,Team Lead,2021-01-05
CM00283,CO056,M001172,Director,2024-05-17
CM00284,CO036,M001180,Team Lead,2021-10-21
CM00285,CO008,M001183,Director,2023-03-15
CM00286,CO034,M001188,Executive,2025-09-30
CM00287,CO029,M001189,Consultant,2024-09-14
CM00288,CO030,M001209,Consultant,2022-10-28
CM00289,CO050,M001211,Executive,2021-10-22
CM00290,CO048,M001215,Director,2024-01-14
CM00291,CO054,M001219,Manager,2023-01-11
CM00292,CO017,M001222,Analyst,2021-12-18
CM00293,CO007,M001226,Team Lead,2022-11-27
CM00294,CO026,M001231,Analyst,2024-06-16
CM00295,CO053,M001232,Manager,2023-07-26
CM00296,CO003,M001235,Software Engineer,2025-02-09
CM00297,CO026,M001239,Director,2021-05-28
CM00298,CO059,M001242,Manager,2023-06-11
CM00299,CO019,M001243,Analyst,2022-01-30
CM00300,CO020,M001247,Analyst,2024-03-06
CM00301,CO025,M001251,Analyst,2023-06-02
CM00302,CO044,M001254,Consultant,2022-09-15
CM00303,CO038,M001255,Software Engineer,2025-02-11
CM00304,CO009,M001256,Manager,2023-01-13
CM00305,CO021,M001258,Executive,2023-09-26
CM00306,CO042,M001259,Executive,2023-06-13
CM00307,CO026,M001267,Team Lead,2025-10-14
CM00308,CO053,M001269,Executive,2022-11-29
CM00309,CO032,M001271,Director,2025-03-13
CM00310,CO036,M001273,Software Engineer,2022-06-08
CM00311,CO016,M001275,Manager,2021-08-16
CM00312,CO013,M001277,Manager,2025-02-06
CM00313,CO042,M001279,Manager,2024-04-10
CM00314,CO020,M001280,Executive,2022-06-17
CM00315,CO042,M001284,Manager,2023-07-03
CM00316,CO027,M001286,Manager,2022-03-04
CM00317,CO037,M001293,Analyst,2022-11-01
CM00318,CO019,M001296,Director,2025-08-09
CM00319,CO013,M001302,Manager,2024-08-05
CM00320,CO028,M001316,Director,2021-10-14
CM00321,CO045,M001319,Software Engineer,2023-08-14
CM00322,CO043,M001321,Software Engineer,2024-05-03
CM00323,CO017,M001325,Software Engineer,2025-06-23
CM00324,CO007,M001330,Analyst,2025-05-03
CM00325,CO037,M001333,Consultant,2022-09-16
CM00326,CO013,M001341,Manager,2021-04-16
CM00327,CO019,M001342,Analyst,2024-06-13
CM00328,CO010,M001348,Analyst,2022-04-27
CM00329,CO058,M001353,Director,2022-04-07
CM00330,CO016,M001355,Executive,2021-08-08
CM00331,CO008,M001359,Consultant,2024-03-28
CM00332,CO031,M001360,Consultant,2025-12-03
CM00333,CO011,M001364,Executive,2023-06-07
CM00334,CO056,M001368,Software Engineer,2023-11-01
CM00335,CO040,M001370,Team Lead,2022-03-06
CM00336,CO028,M001373,Consultant,2021-10-12
CM00337,CO014,M001376,Software Engineer,2025-06-25
CM00338,CO057,M001377,Team Lead,2024-12-11
CM00339,CO039,M001383,Executive,2021-11-04
CM00340,CO042,M001385,Director,2023-08-26
CM00341,CO001,M001387,Manager,2021-02-11
CM00342,CO008,M001395,Executive,2023-10-17
CM00343,CO058,M001397,Executive,2022-02-27
CM00344,CO029,M001399,Consultant,2025-04-17
CM00345,CO023,M001406,Director,2022-08-08
CM00346,CO015,M001408,Executive,2024-09-20
CM00347,CO003,M001409,Team Lead,2024-02-06
CM00348,CO047,M001412,Analyst,2022-08-30
CM00349,CO025,M001415,Executive,2022-08-23
CM00350,CO017,M001417,Software Engineer,2021-08-25
CM00351,CO042,M001418,Team Lead,2023-12-27
CM00352,CO044,M001419,Manager,2022-04-03
CM00353,CO031,M001424,Director,2024-08-05
CM00354,CO020,M001425,Analyst,2025-06-16
CM00355,CO004,M001426,Team Lead,2025-11-09
CM00356,CO040,M001430,Director,2025-03-04
CM00357,CO012,M001432,Consultant,2024-03-03
CM00358,CO038,M001433,Director,2023-10-27
CM00359,CO023,M001437,Consultant,2022-09-27
CM00360,CO054,M001439,Director,2022-10-15
CM00361,CO024,M001440,Consultant,2024-03-14
CM00362,CO014,M001447,Manager,2021-05-30
CM00363,CO007,M001450,Director,2024-07-02
CM00364,CO053,M001454,Manager,2023-11-09
CM00365,CO034,M001456,Software Engineer,2022-02-08
CM00366,CO041,M001460,Executive,2022-07-21
CM00367,CO015,M001462,Manager,2022-11-02
CM00368,CO023,M001467,Director,2023-11-09
CM00369,CO006,M001471,Consultant,2021-08-12
CM00370,CO038,M001472,Executive,2023-01-06
CM00371,CO032,M001473,Team Lead,2022-09-18
CM00372,CO058,M001475,Software Engineer,2021-07-09
CM00373,CO025,M001482,Consultant,2024-05-04
CM00374,CO002,M001487,Executive,2024-10-18
CM00375,CO020,M001497,Consultant,2023-05-14
CM00376,CO021,M001499,Consultant,2025-10-19
CM00377,CO034,M001510,Manager,2022-03-31
CM00378,CO053,M001513,Manager,2025-10-22
CM00379,CO003,M001514,Software Engineer,2022-06-14
CM00380,CO002,M001515,Analyst,2022-07-02
CM00381,CO046,M001522,Executive,2024-01-04
CM00382,CO030,M001523,Software Engineer,2025-01-21
CM00383,CO057,M001524,Director,2022-02-16
CM00384,CO049,M001525,Team Lead,2021-01-12
CM00385,CO019,M001526,Manager,2021-06-05
CM00386,CO043,M001528,Team Lead,2022-02-05
CM00387,CO012,M001538,Executive,2023-01-06
CM00388,CO052,M001543,Software Engineer,2023-08-25
CM00389,CO055,M001545,Software Engineer,2025-11-18
CM00390,CO020,M001550,Consultant,2025-10-16
CM00391,CO010,M001551,Software Engineer,2025-09-29
CM00392,CO004,M001560,Team Lead,2024-04-07
CM00393,CO023,M001570,Consultant,2024-09-24
CM00394,CO029,M001582,Manager,2025-09-12
CM00395,CO017,M001587,Manager,2021-09-20
CM00396,CO032,M001596,Manager,2021-06-09
CM00397,CO038,M001600,Consultant,2021-02-23
CM00398,CO039,M001602,Executive,2024-12-01
CM00399,CO018,M001603,Consultant,2025-09-20
CM00400,CO035,M001604,Executive,2022-11-20
CM00401,CO003,M001608,Analyst,2023-12-05
CM00402,CO050,M001612,Manager,2025-10-29
CM00403,CO011,M001615,Team Lead,2021-03-15
CM00404,CO021,M001617,Team Lead,2021-08-16
CM00405,CO015,M001626,Director,2021-06-22
CM00406,CO032,M001628,Analyst,2022-02-15
CM00407,CO060,M001632,Consultant,2022-08-05
CM00408,CO052,M001634,Director,2023-06-24
CM00409,CO034,M001638,Software Engineer,2024-02-26
CM00410,CO006,M001639,Director,2021-08-12
CM00411,CO029,M001648,Analyst,2021-06-02
CM00412,CO042,M001655,Team Lead,2021-01-02
CM00413,CO052,M001656,Director,2025-08-06
CM00414,CO016,M001658,Director,2024-08-20
CM00415,CO031,M001662,Software Engineer,2022-03-12
CM00416,CO021,M001664,Manager,2022-08-13
CM00417,CO031,M001666,Team Lead,2025-01-12
CM00418,CO011,M001667,Executive,2021-09-23
CM00419,CO007,M001673,Manager,2022-01-30
CM00420,CO001,M001675,Director,2024-08-29
CM00421,CO005,M001676,Consultant,2022-12-07
CM00422,CO036,M001677,Manager,2025-02-06
CM00423,CO047,M001679,Consultant,2025-04-10
CM00424,CO029,M001687,Team Lead,2025-10-11
CM00425,CO053,M001690,Executive,2025-09-16
CM00426,CO043,M001697,Manager,2024-08-03
CM00427,CO056,M001705,Consultant,2023-02-23
CM00428,CO035,M001706,Consultant,2021-09-19
CM00429,CO049,M001707,Analyst,2024-09-07
CM00430,CO042,M001710,Team Lead,2024-07-11
CM00431,CO022,M001715,Consultant,2023-08-02
CM00432,CO031,M001720,Software Engineer,2025-03-17
CM00433,CO007,M001722,Manager,2024-07-13
CM00434,CO046,M001724,Executive,2024-01-06
CM00435,CO035,M001728,Executive,2024-05-17
CM00436,CO051,M001729,Team Lead,2021-11-16
CM00437,CO041,M001735,Software Engineer,2021-11-11
CM00438,CO050,M001739,Software Engineer,2021-11-18
CM00439,CO029,M001748,Director,2022-12-11
CM00440,CO037,M001749,Consultant,2023-05-30
CM00441,CO017,M001751,Software Engineer,2021-02-02
CM00442,CO054,M001761,Consultant,2025-10-22
CM00443,CO038,M001766,Software Engineer,2021-01-24
CM00444,CO018,M001767,Director,2021-07-12
CM00445,CO054,M001768,Analyst,2023-10-30
CM00446,CO025,M001771,Executive,2023-06-12
CM00447,CO024,M001773,Team Lead,2024-03-10
CM00448,CO039,M001778,Analyst,2024-10-31
CM00449,CO057,M001783,Executive,2022-06-05
CM00450,CO058,M001784,Team Lead,2024-06-02
CM00451,CO027,M001789,Director,2024-03-25
CM00452,CO051,M001790,Consultant,2025-06-26
CM00453,CO022,M001791,Manager,2022-08-23
CM00454,CO039,M001803,Software Engineer,2025-06-07
CM00455,CO045,M001807,Team Lead,2025-03-05
CM00456,CO020,M001815,Consultant,2023-12-16
CM00457,CO050,M001820,Analyst,2022-08-09
CM00458,CO043,M001824,Director,2024-12-30
CM00459,CO055,M001828,Analyst,2022-07-26
CM00460,CO033,M001837,Director,2023-03-16
CM00461,CO028,M001839,Director,2022-02-10
CM00462,CO057,M001845,Consultant,2024-12-08
CM00463,CO032,M001847,Team Lead,2025-08-13
CM00464,CO050,M001853,Software Engineer,2022-03-19
CM00465,CO014,M001875,Manager,2022-04-14
CM00466,CO049,M001876,Director,2024-11-20
CM00467,CO054,M001880,Director,2023-07-03
CM00468,CO056,M001881,Executive,2023-11-09
CM00469,CO034,M001884,Consultant,2023-01-08
CM00470,CO006,M001885,Consultant,2025-11-14
CM00471,CO021,M001888,Executive,2021-07-03
CM00472,CO023,M001889,Executive,2025-06-05
CM00473,CO044,M001892,Software Engineer,2021-02-11
CM00474,CO056,M001895,Executive,2022-06-06
CM00475,CO001,M001899,Consultant,2025-09-13
CM00476,CO006,M001904,Team Lead,2023-07-28
CM00477,CO007,M001905,Team Lead,2021-02-12
CM00478,CO042,M001906,Team Lead,2025-04-14
CM00479,CO017,M001912,Manager,2023-01-22
CM00480,CO040,M001928,Executive,2025-05-29
CM00481,CO036,M001929,Executive,2023-03-18
CM00482,CO031,M001936,Team Lead,2025-12-03
CM00483,CO042,M001939,Team Lead,2022-07-08
CM00484,CO007,M001940,Executive,2021-11-11
CM00485,CO044,M001944,Consultant,2024-09-07
CM00486,CO022,M001945,Director,2021-01-29
CM00487,CO045,M001947,Team Lead,2021-07-19
CM00488,CO005,M001950,Director,2021-10-19
CM00489,CO058,M001954,Manager,2021-02-16
CM00490,CO009,M001957,Analyst,2023-09-09
CM00491,CO027,M001958,Software Engineer,2022-04-15
CM00492,CO026,M001959,Team Lead,2025-02-21
CM00493,CO005,M001963,Manager,2022-04-27
CM00494,CO036,M001967,Director,2025-09-07
CM00495,CO044,M001968,Director,2024-06-06
CM00496,CO036,M001969,Director,2022-03-10
CM00497,CO020,M001970,Software Engineer,2022-04-06
CM00498,CO058,M001974,Software Engineer,2021-06-26
CM00499,CO026,M001985,Director,2024-09-30
CM00500,CO019,M001990,Manager,2025-10-30
CM00501,CO018,M001997,Director,2023-09-30
CM00502,CO012,M002005,Consultant,2022-07-03
CM00503,CO027,M002012,Team Lead,2024-03-17
CM00504,CO060,M002014,Software Engineer,2023-05-30
CM00505,CO013,M002016,Team Lead,2025-02-25
CM00506,CO021,M002018,Analyst,2022-06-26
CM00507,CO005,M002021,Manager,2021-10-23
CM00508,CO024,M002024,Director,2022-08-07
CM00509,CO054,M002026,Manager,2021-11-16
CM00510,CO028,M002027,Consultant,2021-03-05
CM00511,CO027,M002033,Executive,2021-11-23
CM00512,CO008,M002036,Software Engineer,2022-04-23
CM00513,CO020,M002042,Manager,2021-03-22
CM00514,CO003,M002055,Team Lead,2021-01-13
CM00515,CO025,M002067,Director,2023-11-05
CM00516,CO003,M002074,Director,2024-12-24
CM00517,CO019,M002078,Executive,2021-09-20
CM00518,CO006,M002079,Analyst,2022-07-11
CM00519,CO021,M002086,Team Lead,2022-08-11
CM00520,CO020,M002087,Manager,2025-12-21
CM00521,CO023,M002088,Director,2021-06-27
CM00522,CO026,M002089,Software Engineer,2024-11-27
CM00523,CO053,M002091,Director,2025-01-08
CM00524,CO033,M002101,Consultant,2024-10-05
CM00525,CO059,M002112,Executive,2021-05-15
CM00526,CO058,M002115,Software Engineer,2022-07-16
CM00527,CO025,M002129,Manager,2025-06-27
CM00528,CO011,M002132,Consultant,2024-09-07
CM00529,CO041,M002133,Director,2024-05-04
CM00530,CO020,M002136,Executive,2022-04-02
CM00531,CO019,M002138,Analyst,2021-07-22
CM00532,CO044,M002141,Executive,2021-05-19
CM00533,CO016,M002150,Director,2021-05-21
CM00534,CO058,M002159,Director,2021-10-15
CM00535,CO036,M002162,Software Engineer,2025-12-03
CM00536,CO010,M002164,Manager,2022-02-15
CM00537,CO024,M002167,Consultant,2022-03-28
CM00538,CO017,M002172,Consultant,2024-11-05
CM00539,CO044,M002173,Consultant,2021-02-19
CM00540,CO031,M002180,Manager,2022-08-29
CM00541,CO028,M002181,Executive,2021-11-20
CM00542,CO030,M002186,Executive,2023-12-21
CM00543,CO047,M002188,Director,2025-03-12
CM00544,CO027,M002194,Analyst,2023-10-22
CM00545,CO050,M002196,Manager,2023-05-02
CM00546,CO040,M002197,Executive,2022-01-15
CM00547,CO038,M002200,Software Engineer,2022-03-01
CM00548,CO046,M002209,Software Engineer,2024-01-17
CM00549,CO046,M002219,Director,2024-03-29
CM00550,CO052,M002221,Team Lead,2021-06-20
CM00551,CO014,M002223,Team Lead,2025-03-18
CM00552,CO039,M002224,Software Engineer,2024-12-26
CM00553,CO037,M002233,Analyst,2024-04-14
CM00554,CO002,M002238,Analyst,2025-08-11
CM00555,CO025,M002242,Director,2025-11-03
CM00556,CO036,M002245,Director,2024-12-31
CM00557,CO017,M002246,Analyst,2025-02-14
CM00558,CO024,M002248,Team Lead,2023-12-20
CM00559,CO002,M002252,Manager,2025-02-17
CM00560,CO018,M002255,Analyst,2025-10-22
CM00561,CO036,M002257,Analyst,2024-09-05
CM00562,CO032,M002261,Executive,2023-05-27
CM00563,CO027,M002268,Director,2023-06-11
CM00564,CO042,M002279,Analyst,2022-04-08
CM00565,CO049,M002282,Executive,2021-09-19
CM00566,CO013,M002288,Executive,2021-05-21
CM00567,CO053,M002289,Software Engineer,2022-09-24
CM00568,CO002,M002301,Analyst,2024-12-22
CM00569,CO043,M002302,Team Lead,2024-02-10
CM00570,CO014,M002304,Software Engineer,2021-12-21
CM00571,CO023,M002310,Director,2023-04-22
CM00572,CO042,M002313,Software Engineer,2023-07-16
CM00573,CO046,M002317,Director,2023-09-24
CM00574,CO035,M002322,Team Lead,2024-07-05
CM00575,CO038,M002330,Manager,2021-01-03
CM00576,CO011,M002338,Analyst,2025-05-21
CM00577,CO023,M002342,Manager,2023-10-11
CM00578,CO048,M002343,Director,2023-05-15
CM00579,CO055,M002349,Consultant,2023-02-12
CM00580,CO011,M002356,Software Engineer,2021-11-02
CM00581,CO001,M002359,Executive,2023-08-03
CM00582,CO006,M002363,Analyst,2023-04-24
CM00583,CO030,M002364,Team Lead,2021-05-22
CM00584,CO040,M002370,Analyst,2023-11-16
CM00585,CO008,M002371,Consultant,2023-07-02
CM00586,CO008,M002372,Team Lead,2021-08-13
CM00587,CO034,M002376,Director,2023-07-25
CM00588,CO035,M002378,Director,2023-05-30
CM00589,CO059,M002386,Software Engineer,2025-01-08
CM00590,CO018,M002390,Software Engineer,2022-05-09
CM00591,CO058,M002402,Consultant,2023-02-22
CM00592,CO006,M002404,Team Lead,2021-02-12
CM00593,CO029,M002409,Executive,2022-11-21
CM00594,CO002,M002411,Team Lead,2024-11-08
CM00595,CO009,M002420,Director,2022-09-01
CM00596,CO060,M002421,Analyst,2021-12-31
CM00597,CO052,M002423,Consultant,2023-03-01
CM00598,CO041,M002435,Software Engineer,2022-08-10
CM00599,CO030,M002436,Executive,2023-06-15
CM00600,CO010,M002437,Director,2021-09-03
CM00601,CO047,M002441,Software Engineer,2022-10-07
CM00602,CO030,M002443,Team Lead,2024-08-08
CM00603,CO059,M002445,Software Engineer,2021-08-26
CM00604,CO044,M002449,Executive,2021-04-19
CM00605,CO027,M002453,Director,2022-06-03
CM00606,CO014,M002454,Executive,2021-09-01
CM00607,CO048,M002458,Director,2021-02-21
CM00608,CO021,M002461,Software Engineer,2021-12-10
CM00609,CO018,M002468,Analyst,2022-09-14
CM00610,CO012,M002477,Manager,2023-04-28
CM00611,CO055,M002481,Software Engineer,2023-12-27
CM00612,CO011,M002490,Director,2024-08-04
CM00613,CO027,M002492,Executive,2024-03-30
CM00614,CO050,M002494,Analyst,2022-08-16
CM00615,CO057,M002496,Team Lead,2021-03-09
