room_id,hospital_id,room_number,room_type,floor_number,daily_charge,room_status
RM00001,H001,626,ICU,1,11862,Occupied
RM00002,H001,320,Semi-Private,4,3221,Occupied
RM00003,H001,211,General,3,1605,Vacant
RM00004,H001,326,Emergency,4,4381,Vacant
RM00005,H001,120,Private,4,5865,Occupied
RM00006,H001,128,Emergency,1,4475,Vacant
RM00007,H001,629,General,5,1321,Occupied
RM00008,H001,328,Private,5,6232,Occupied
RM00009,H001,227,Private,1,6231,Occupied
RM00010,H001,515,Emergency,6,4022,Vacant
RM00011,H002,429,General,4,1699,Vacant
RM00012,H002,323,ICU,2,12062,Vacant
RM00013,H002,127,Semi-Private,2,2906,Vacant
RM00014,H002,419,Private,5,6305,Occupied
RM00015,H002,503,Private,1,5934,Occupied
RM00016,H002,415,General,5,1539,Occupied
RM00017,H002,122,Private,5,6231,Vacant
RM00018,H002,119,General,2,1449,Occupied
RM00019,H002,406,ICU,2,12421,Vacant
RM00020,H002,229,Private,4,5801,Occupied
RM00021,H002,228,ICU,4,12151,Occupied
RM00022,H002,205,General,4,1400,Occupied
RM00023,H002,227,Private,4,5805,Occupied
RM00024,H003,207,Emergency,2,4461,Vacant
RM00025,H003,621,Semi-Private,1,2852,Occupied
RM00026,H003,109,Semi-Private,6,3208,Occupied
RM00027,H003,125,Private,4,5896,Occupied
RM00028,H003,208,Private,1,5879,Occupied
RM00029,H003,617,Private,2,6131,Vacant
RM00030,H003,618,Semi-Private,4,3147,Occupied
RM00031,H003,509,General,5,1542,Occupied
RM00032,H003,505,Private,1,6152,Occupied
RM00033,H003,409,Emergency,3,4333,Occupied
RM00034,H003,413,General,2,1965,Vacant
RM00035,H003,205,General,2,1398,Occupied
RM00036,H003,626,Emergency,5,3847,Occupied
RM00037,H003,505,General,1,1642,Occupied
RM00038,H003,603,Private,2,6176,Occupied
RM00039,H003,518,General,2,1499,Occupied
RM00040,H003,419,General,6,1374,Vacant
RM00041,H003,323,Private,6,6150,Vacant
RM00042,H003,424,ICU,4,12395,Vacant
RM00043,H003,212,ICU,2,12220,Occupied
RM00044,H003,116,General,1,1439,Occupied
RM00045,H003,323,Private,4,6074,Occupied
RM00046,H003,313,ICU,3,12433,Vacant
RM00047,H003,201,Semi-Private,1,2933,Occupied
RM00048,H003,208,Semi-Private,4,2893,Occupied
RM00049,H003,308,ICU,2,12477,Vacant
RM00050,H003,126,Private,5,6437,Vacant
RM00051,H003,103,Semi-Private,1,3124,Occupied
RM00052,H003,215,Emergency,1,4430,Vacant
RM00053,H003,224,Emergency,1,4231,Vacant
RM00054,H003,609,ICU,2,11848,Vacant
RM00055,H003,625,General,1,1810,Vacant
RM00056,H003,102,Semi-Private,1,2841,Vacant
RM00057,H003,122,General,3,1701,Occupied
RM00058,H003,221,Private,1,6118,Vacant
RM00059,H003,418,ICU,4,12154,Occupied
RM00060,H003,527,Semi-Private,5,3166,Occupied
RM00061,H003,215,Semi-Private,6,3342,Occupied
RM00062,H003,224,Emergency,5,3808,Occupied
RM00063,H003,210,Semi-Private,3,3341,Occupied
RM00064,H004,425,General,4,1912,Vacant
RM00065,H004,315,ICU,4,12208,Occupied
RM00066,H004,512,Semi-Private,5,2968,Vacant
RM00067,H004,314,General,2,1374,Occupied
RM00068,H004,322,Private,2,6065,Occupied
RM00069,H004,622,Emergency,1,3878,Occupied
RM00070,H004,322,Emergency,4,4357,Vacant
RM00071,H004,506,General,2,1467,Occupied
RM00072,H004,609,Private,6,6386,Vacant
RM00073,H004,426,Private,6,6109,Occupied
RM00074,H004,326,Emergency,6,4204,Vacant
RM00075,H004,311,Private,1,6068,Occupied
RM00076,H004,405,Private,5,6400,Occupied
RM00077,H004,423,Semi-Private,1,3291,Occupied
RM00078,H004,503,Semi-Private,3,3039,Vacant
RM00079,H004,413,Semi-Private,3,3479,Occupied
RM00080,H004,224,Semi-Private,5,3160,Occupied
RM00081,H004,630,Private,6,5950,Vacant
RM00082,H004,127,Emergency,2,4252,Occupied
RM00083,H004,426,General,4,1751,Vacant
RM00084,H004,120,Semi-Private,6,3271,Vacant
RM00085,H004,520,Semi-Private,6,3018,Occupied
RM00086,H004,406,Emergency,1,4290,Occupied
RM00087,H004,504,Semi-Private,5,2889,Vacant
RM00088,H004,218,Emergency,2,4329,Vacant
RM00089,H004,117,Emergency,6,4015,Vacant
RM00090,H004,115,Private,2,6437,Occupied
RM00091,H004,611,Emergency,3,3811,Occupied
RM00092,H004,504,ICU,3,11896,Vacant
RM00093,H005,405,Private,4,6314,Occupied
RM00094,H005,203,ICU,4,12202,Vacant
RM00095,H005,606,ICU,3,12035,Vacant
RM00096,H005,309,General,3,1719,Vacant
RM00097,H005,123,Private,3,6406,Vacant
RM00098,H005,221,Private,1,5871,Occupied
RM00099,H005,607,ICU,2,12357,Occupied
RM00100,H005,311,Private,1,5891,Occupied
RM00101,H005,203,Semi-Private,5,3333,Vacant
RM00102,H005,318,Emergency,1,4009,Occupied
RM00103,H005,329,General,5,1550,Occupied
RM00104,H005,520,Emergency,6,4039,Occupied
RM00105,H005,605,Emergency,6,3989,Occupied
RM00106,H005,223,General,3,1370,Vacant
RM00107,H005,430,ICU,5,12249,Occupied
RM00108,H005,507,ICU,6,12360,Occupied
RM00109,H005,423,Semi-Private,4,3259,Occupied
RM00110,H005,601,General,5,1979,Occupied
RM00111,H005,323,Semi-Private,3,3394,Vacant
RM00112,H005,322,Semi-Private,5,3158,Vacant
RM00113,H005,203,General,2,1672,Occupied
RM00114,H005,104,Semi-Private,2,3146,Occupied
RM00115,H005,424,Semi-Private,3,3198,Occupied
RM00116,H005,402,Semi-Private,4,3286,Vacant
RM00117,H005,310,ICU,1,12015,Vacant
RM00118,H005,506,Private,2,5922,Occupied
RM00119,H005,325,Private,6,6305,Occupied
RM00120,H005,311,Private,2,5966,Occupied
RM00121,H005,329,Emergency,3,4124,Occupied
RM00122,H005,510,ICU,3,11814,Occupied
RM00123,H005,224,Emergency,4,3855,Occupied
RM00124,H005,517,Semi-Private,3,3392,Vacant
RM00125,H005,226,Emergency,6,4344,Vacant
RM00126,H005,623,Emergency,6,4216,Vacant
RM00127,H005,517,Emergency,1,3900,Occupied
RM00128,H005,606,Private,5,6152,Occupied
RM00129,H005,607,Private,1,6121,Occupied
RM00130,H005,614,Semi-Private,1,3060,Vacant
RM00131,H005,427,General,2,1968,Occupied
RM00132,H005,606,ICU,4,12066,Vacant
RM00133,H005,128,General,6,1952,Vacant
RM00134,H005,221,General,5,1600,Vacant
RM00135,H005,419,General,5,1532,Vacant
RM00136,H005,424,ICU,5,12324,Vacant
RM00137,H005,317,General,3,1899,Occupied
RM00138,H005,501,Private,6,6167,Vacant
RM00139,H005,318,Semi-Private,4,3335,Occupied
RM00140,H006,304,General,3,1811,Maintenance
RM00141,H006,122,Private,5,6330,Occupied
RM00142,H006,328,Emergency,1,4131,Vacant
RM00143,H006,519,ICU,2,11937,Vacant
RM00144,H006,421,Semi-Private,5,2834,Vacant
RM00145,H006,517,ICU,3,12490,Occupied
RM00146,H006,423,ICU,2,12035,Occupied
RM00147,H006,630,Emergency,5,4117,Occupied
RM00148,H006,110,Emergency,1,4121,Vacant
RM00149,H006,225,Emergency,5,4109,Occupied
RM00150,H006,427,ICU,4,12084,Occupied
RM00151,H006,225,Private,4,6086,Vacant
RM00152,H006,418,ICU,3,12229,Occupied
RM00153,H006,113,ICU,3,12042,Occupied
RM00154,H007,113,General,5,1677,Vacant
RM00155,H007,210,Private,1,6306,Occupied
RM00156,H007,410,Emergency,4,4360,Occupied
RM00157,H007,608,ICU,3,12008,Occupied
RM00158,H007,104,General,1,1327,Occupied
RM00159,H007,507,Emergency,6,3920,Vacant
RM00160,H007,625,Emergency,1,4076,Occupied
RM00161,H007,124,General,2,1346,Vacant
RM00162,H007,315,ICU,3,12373,Occupied
RM00163,H007,616,Private,5,6246,Occupied
RM00164,H007,329,Emergency,2,3993,Vacant
RM00165,H007,224,General,1,1476,Occupied
RM00166,H007,209,Emergency,4,3808,Occupied
RM00167,H007,616,General,1,1898,Occupied
RM00168,H007,626,Emergency,3,4259,Occupied
RM00169,H007,423,Semi-Private,3,2967,Occupied
RM00170,H007,610,Semi-Private,6,3272,Occupied
RM00171,H007,420,Semi-Private,1,3444,Occupied
RM00172,H007,413,Private,4,6421,Vacant
RM00173,H007,425,General,6,1478,Vacant
RM00174,H007,226,Semi-Private,2,2918,Vacant
RM00175,H007,615,Emergency,1,4320,Vacant
RM00176,H007,227,Semi-Private,3,3083,Occupied
RM00177,H007,412,Emergency,1,4362,Occupied
RM00178,H007,607,General,5,1629,Occupied
RM00179,H007,502,Emergency,2,4370,Occupied
RM00180,H007,215,General,5,1504,Occupied
RM00181,H007,613,Semi-Private,5,3082,Vacant
RM00182,H007,122,Private,6,6100,Vacant
RM00183,H007,502,ICU,3,12093,Occupied
RM00184,H007,308,General,4,1948,Vacant
RM00185,H007,601,ICU,4,11821,Vacant
RM00186,H007,222,Semi-Private,5,2950,Occupied
RM00187,H007,122,General,6,1476,Vacant
RM00188,H007,114,Emergency,6,4293,Vacant
RM00189,H007,221,Emergency,3,4232,Occupied
RM00190,H007,201,Private,5,5950,Occupied
RM00191,H007,105,Semi-Private,5,3360,Occupied
RM00192,H007,107,Emergency,3,4349,Vacant
RM00193,H007,629,Semi-Private,2,3033,Occupied
RM00194,H007,210,Semi-Private,3,2941,Occupied
RM00195,H008,117,ICU,2,12369,Occupied
RM00196,H008,325,General,5,1898,Vacant
RM00197,H008,522,Private,2,6486,Occupied
RM00198,H008,206,Semi-Private,5,3108,Occupied
RM00199,H008,120,ICU,5,12380,Occupied
RM00200,H008,523,General,1,1821,Occupied
RM00201,H008,108,Semi-Private,6,3032,Occupied
RM00202,H008,622,Private,2,5882,Vacant
RM00203,H008,612,Private,3,6063,Occupied
RM00204,H008,401,Semi-Private,6,2852,Vacant
RM00205,H008,530,Emergency,6,4452,Vacant
RM00206,H009,325,ICU,3,11969,Vacant
RM00207,H009,522,Private,4,6005,Occupied
RM00208,H009,317,ICU,3,12463,Occupied
RM00209,H009,427,Semi-Private,3,3027,Occupied
RM00210,H009,113,General,6,1304,Vacant
RM00211,H009,201,Emergency,6,4265,Occupied
RM00212,H009,622,ICU,4,12294,Vacant
RM00213,H009,319,Emergency,5,4252,Vacant
RM00214,H009,624,General,6,1624,Occupied
RM00215,H009,208,Semi-Private,3,3027,Occupied
RM00216,H009,502,ICU,2,12052,Occupied
RM00217,H009,326,Emergency,6,3857,Occupied
RM00218,H009,610,Emergency,6,4269,Occupied
RM00219,H009,506,General,4,1837,Occupied
RM00220,H009,420,General,6,1710,Occupied
RM00221,H009,129,Emergency,5,4428,Occupied
RM00222,H009,322,Semi-Private,2,3265,Occupied
RM00223,H009,423,General,2,1757,Occupied
RM00224,H009,428,General,6,1323,Occupied
RM00225,H009,321,ICU,3,12140,Vacant
RM00226,H009,428,ICU,3,12291,Occupied
RM00227,H009,129,General,4,1764,Vacant
RM00228,H009,323,Private,5,6420,Vacant
RM00229,H009,126,Emergency,6,4302,Vacant
RM00230,H009,421,ICU,4,12331,Vacant
RM00231,H009,108,Emergency,1,3969,Maintenance
RM00232,H009,208,Emergency,6,4492,Vacant
RM00233,H009,507,General,2,1609,Occupied
RM00234,H009,426,Emergency,1,4127,Vacant
RM00235,H010,220,General,6,1498,Occupied
RM00236,H010,528,Semi-Private,1,2994,Vacant
RM00237,H010,204,Private,2,6251,Vacant
RM00238,H010,230,General,6,1884,Occupied
RM00239,H010,318,General,5,1941,Vacant
RM00240,H010,125,Emergency,5,4354,Occupied
RM00241,H010,528,Private,5,6273,Occupied
RM00242,H010,619,Semi-Private,2,3292,Occupied
RM00243,H010,505,Emergency,5,4040,Vacant
RM00244,H010,513,Emergency,2,4391,Occupied
RM00245,H010,406,General,1,1583,Maintenance
RM00246,H010,514,ICU,2,11841,Vacant
RM00247,H010,128,Emergency,4,4392,Occupied
RM00248,H010,318,Emergency,4,4291,Occupied
RM00249,H010,620,ICU,5,12216,Vacant
RM00250,H010,327,Private,3,6400,Occupied
RM00251,H010,303,Emergency,1,3908,Occupied
RM00252,H010,425,Semi-Private,2,3130,Occupied
RM00253,H010,201,ICU,6,11904,Maintenance
RM00254,H010,516,General,2,1645,Occupied
RM00255,H010,201,Semi-Private,2,2965,Vacant
RM00256,H010,216,ICU,6,12181,Occupied
RM00257,H010,216,Private,6,6482,Occupied
RM00258,H010,123,General,3,1526,Occupied
RM00259,H010,428,ICU,2,12355,Occupied
RM00260,H010,425,ICU,3,12396,Occupied
RM00261,H010,415,ICU,1,12469,Vacant
RM00262,H010,401,Private,3,5993,Vacant
RM00263,H010,430,Private,6,6139,Vacant
RM00264,H010,329,ICU,1,12428,Occupied
RM00265,H010,209,Emergency,6,4462,Occupied
RM00266,H010,620,ICU,5,12301,Occupied
RM00267,H010,426,Private,2,6428,Occupied
RM00268,H010,416,General,2,1698,Vacant
RM00269,H010,225,Private,5,5802,Vacant
RM00270,H010,103,Emergency,1,3823,Occupied
RM00271,H010,508,ICU,1,12330,Vacant
RM00272,H010,614,Semi-Private,2,3288,Vacant
RM00273,H010,518,General,4,1995,Vacant
RM00274,H011,206,Semi-Private,3,2857,Vacant
RM00275,H011,507,General,2,1939,Vacant
RM00276,H011,428,Semi-Private,3,3464,Occupied
RM00277,H011,322,Private,6,6158,Vacant
RM00278,H011,330,Private,4,5964,Occupied
RM00279,H011,620,ICU,2,12097,Occupied
RM00280,H011,624,ICU,6,12270,Vacant
RM00281,H011,410,General,1,1717,Vacant
RM00282,H011,415,Emergency,5,4391,Vacant
RM00283,H011,122,Semi-Private,4,2923,Occupied
RM00284,H011,518,ICU,2,11995,Occupied
RM00285,H011,505,General,3,1919,Vacant
RM00286,H011,118,Semi-Private,4,3330,Vacant
RM00287,H011,501,ICU,5,11871,Occupied
RM00288,H011,203,General,2,1715,Occupied
RM00289,H011,112,Emergency,4,4289,Occupied
RM00290,H011,406,Semi-Private,2,3132,Vacant
RM00291,H011,507,General,2,1624,Occupied
RM00292,H011,310,Emergency,2,4298,Vacant
RM00293,H011,229,Emergency,5,4060,Occupied
RM00294,H011,212,General,6,1435,Occupied
RM00295,H011,206,Private,1,6376,Maintenance
RM00296,H011,217,Emergency,6,3920,Occupied
RM00297,H011,513,ICU,6,12228,Occupied
RM00298,H011,507,ICU,1,11997,Maintenance
RM00299,H011,220,ICU,6,12072,Occupied
RM00300,H011,229,Emergency,4,4158,Occupied
RM00301,H011,429,ICU,6,12347,Vacant
RM00302,H011,504,Private,3,6468,Occupied
RM00303,H011,613,Emergency,4,4376,Vacant
RM00304,H011,510,General,3,1369,Vacant
RM00305,H011,524,General,3,1936,Vacant
RM00306,H011,226,Private,5,6144,Occupied
RM00307,H011,302,Emergency,3,4212,Occupied
RM00308,H011,626,Private,5,6019,Vacant
RM00309,H011,102,General,4,1672,Vacant
RM00310,H011,423,Emergency,5,4432,Occupied
RM00311,H011,316,Semi-Private,6,3474,Vacant
RM00312,H011,230,General,2,1644,Vacant
RM00313,H011,606,General,2,1786,Occupied
RM00314,H011,322,Private,5,6174,Vacant
RM00315,H011,222,General,1,1763,Vacant
RM00316,H011,211,Emergency,3,4238,Occupied
RM00317,H011,208,ICU,5,12184,Occupied
RM00318,H011,507,ICU,5,11811,Maintenance
RM00319,H012,114,Private,2,6356,Occupied
RM00320,H012,213,ICU,4,12436,Vacant
RM00321,H012,523,General,5,1339,Occupied
RM00322,H012,605,ICU,2,12432,Maintenance
RM00323,H012,413,General,3,1845,Occupied
RM00324,H012,110,ICU,6,12483,Vacant
RM00325,H012,301,Private,6,5986,Vacant
RM00326,H012,313,Emergency,3,3819,Vacant
RM00327,H012,617,Private,3,6373,Occupied
RM00328,H012,506,Private,2,6350,Occupied
RM00329,H012,613,Private,1,5936,Occupied
RM00330,H012,212,Emergency,1,3883,Vacant
RM00331,H012,521,Private,4,5993,Occupied
RM00332,H012,524,Semi-Private,1,3158,Occupied
RM00333,H012,116,ICU,1,12476,Vacant
RM00334,H012,211,Private,6,5907,Occupied
RM00335,H012,203,Emergency,4,3964,Occupied
RM00336,H012,118,General,6,1569,Occupied
RM00337,H012,603,Semi-Private,3,3257,Vacant
RM00338,H012,125,ICU,2,12231,Occupied
RM00339,H012,523,Emergency,5,4419,Occupied
RM00340,H012,527,Private,3,5999,Vacant
RM00341,H012,522,Emergency,4,4351,Vacant
RM00342,H012,423,General,4,1827,Vacant
RM00343,H012,411,Emergency,1,3907,Vacant
RM00344,H012,515,Emergency,3,4459,Occupied
RM00345,H012,226,ICU,2,11885,Occupied
RM00346,H012,525,ICU,3,12100,Occupied
RM00347,H012,430,Private,6,6273,Occupied
RM00348,H012,525,General,6,1650,Vacant
RM00349,H012,617,Emergency,6,3995,Occupied
RM00350,H012,410,Private,6,6037,Vacant
RM00351,H012,612,ICU,3,11884,Maintenance
RM00352,H012,627,General,3,1736,Occupied
RM00353,H012,402,ICU,1,12457,Occupied
RM00354,H012,213,ICU,4,12438,Vacant
RM00355,H012,502,General,3,1428,Occupied
RM00356,H012,201,Emergency,1,4371,Occupied
RM00357,H012,227,ICU,1,12232,Vacant
RM00358,H012,630,Private,4,5840,Occupied
RM00359,H012,610,ICU,5,12005,Vacant
RM00360,H012,411,Semi-Private,3,3351,Occupied
RM00361,H012,224,Emergency,2,4032,Vacant
RM00362,H012,508,Private,6,5958,Occupied
RM00363,H012,511,Private,5,5968,Occupied
RM00364,H013,601,Semi-Private,4,3239,Occupied
RM00365,H013,316,Semi-Private,5,3259,Vacant
RM00366,H013,119,General,1,1321,Occupied
RM00367,H013,101,Emergency,1,3820,Occupied
RM00368,H013,614,Semi-Private,4,3219,Vacant
RM00369,H013,501,ICU,5,12323,Vacant
RM00370,H013,323,Private,5,6394,Vacant
RM00371,H013,216,ICU,6,12297,Vacant
RM00372,H013,105,Private,6,6423,Vacant
RM00373,H013,302,Semi-Private,1,2957,Occupied
RM00374,H013,112,Emergency,2,4177,Occupied
RM00375,H013,529,Private,2,6292,Occupied
RM00376,H013,428,Emergency,4,4203,Vacant
RM00377,H013,210,ICU,2,12420,Vacant
RM00378,H013,217,Semi-Private,1,2912,Vacant
RM00379,H013,429,General,6,1345,Occupied
RM00380,H013,310,ICU,4,11820,Occupied
RM00381,H013,530,Private,4,6071,Vacant
RM00382,H013,611,ICU,1,12266,Occupied
RM00383,H013,130,Semi-Private,2,3009,Occupied
RM00384,H013,608,Private,3,6412,Occupied
RM00385,H013,127,Semi-Private,4,3093,Occupied
RM00386,H013,608,General,4,1656,Occupied
RM00387,H013,409,General,5,1718,Vacant
RM00388,H013,619,Emergency,5,3991,Vacant
RM00389,H013,523,Semi-Private,4,3490,Vacant
RM00390,H013,605,Semi-Private,4,3341,Occupied
RM00391,H013,510,Semi-Private,6,3439,Vacant
RM00392,H013,229,ICU,3,12175,Vacant
RM00393,H013,105,General,1,1973,Vacant
RM00394,H013,109,Emergency,6,4406,Vacant
RM00395,H013,211,Private,2,6144,Vacant
RM00396,H013,103,Semi-Private,5,3196,Occupied
RM00397,H013,616,Emergency,1,4144,Vacant
RM00398,H013,309,Emergency,3,4494,Vacant
RM00399,H014,109,Emergency,3,3951,Vacant
RM00400,H014,105,General,1,1955,Vacant
RM00401,H014,522,Emergency,4,3801,Vacant
RM00402,H014,227,General,6,1950,Occupied
RM00403,H014,203,Private,2,5901,Vacant
RM00404,H014,110,General,4,1854,Occupied
RM00405,H014,305,ICU,1,11841,Vacant
RM00406,H014,318,Emergency,4,4121,Occupied
RM00407,H014,611,Private,6,6243,Vacant
RM00408,H014,427,Emergency,2,3987,Occupied
RM00409,H014,621,General,3,1572,Occupied
RM00410,H014,403,General,1,1655,Maintenance
RM00411,H014,407,ICU,5,11947,Vacant
RM00412,H014,527,ICU,1,12276,Maintenance
RM00413,H014,322,ICU,5,12461,Occupied
RM00414,H014,325,Semi-Private,5,2992,Vacant
RM00415,H014,629,Emergency,6,4141,Occupied
RM00416,H014,605,Private,1,6111,Occupied
RM00417,H014,110,General,5,1500,Vacant
RM00418,H014,405,ICU,4,12054,Vacant
RM00419,H014,307,Private,5,5961,Occupied
RM00420,H014,218,Private,2,5959,Vacant
RM00421,H014,228,ICU,2,12145,Occupied
RM00422,H014,317,Semi-Private,2,3266,Occupied
RM00423,H014,228,Semi-Private,1,2873,Occupied
RM00424,H014,314,ICU,4,12172,Vacant
RM00425,H014,217,General,1,1916,Maintenance
RM00426,H014,118,Private,3,5969,Occupied
RM00427,H014,404,Emergency,1,3923,Vacant
RM00428,H014,325,General,3,1521,Occupied
RM00429,H014,119,Private,5,5854,Vacant
RM00430,H014,227,Emergency,3,3842,Vacant
RM00431,H014,601,ICU,1,12341,Vacant
RM00432,H014,510,ICU,6,12339,Occupied
RM00433,H014,522,Private,3,5959,Occupied
RM00434,H014,415,Semi-Private,4,3335,Occupied
RM00435,H014,323,Private,4,6100,Occupied
RM00436,H014,506,Semi-Private,4,3305,Occupied
RM00437,H014,507,General,2,1668,Occupied
RM00438,H014,410,ICU,5,12086,Occupied
RM00439,H015,203,Semi-Private,4,3194,Occupied
RM00440,H015,207,Private,5,5904,Maintenance
RM00441,H015,515,Emergency,1,4094,Occupied
RM00442,H015,630,General,6,1527,Vacant
RM00443,H015,415,ICU,5,12025,Occupied
RM00444,H015,110,Private,5,6051,Occupied
RM00445,H015,405,Semi-Private,2,2869,Vacant
RM00446,H015,612,Private,2,6023,Vacant
RM00447,H015,610,Semi-Private,4,3279,Vacant
RM00448,H015,128,Semi-Private,6,3244,Occupied
RM00449,H015,317,Emergency,2,4264,Vacant
RM00450,H015,310,ICU,6,12197,Vacant
RM00451,H015,503,Emergency,3,4492,Vacant
RM00452,H016,516,Emergency,2,4450,Occupied
RM00453,H016,616,Semi-Private,5,3128,Maintenance
RM00454,H016,322,General,6,1957,Occupied
RM00455,H016,517,Semi-Private,6,3004,Occupied
RM00456,H016,404,ICU,5,11821,Occupied
RM00457,H016,313,General,1,1401,Vacant
RM00458,H016,312,Private,1,5844,Occupied
RM00459,H016,521,Private,5,5925,Vacant
RM00460,H016,528,ICU,4,11906,Occupied
RM00461,H016,520,Emergency,1,3865,Occupied
RM00462,H016,427,Emergency,2,4406,Occupied
RM00463,H016,124,General,2,1724,Occupied
RM00464,H016,325,General,4,1472,Vacant
RM00465,H016,202,Private,4,5849,Occupied
RM00466,H016,113,General,5,1793,Occupied
RM00467,H016,309,General,2,1641,Vacant
RM00468,H016,526,ICU,2,11868,Vacant
RM00469,H016,615,Private,1,6395,Vacant
RM00470,H016,608,Semi-Private,2,3308,Vacant
RM00471,H016,616,General,2,1429,Occupied
RM00472,H017,320,ICU,2,11923,Vacant
RM00473,H017,126,Semi-Private,2,3106,Occupied
RM00474,H017,602,Emergency,3,4219,Vacant
RM00475,H017,115,Semi-Private,2,2880,Vacant
RM00476,H017,407,Private,1,5872,Occupied
RM00477,H017,615,ICU,1,12467,Occupied
RM00478,H017,418,Emergency,2,4158,Occupied
RM00479,H017,330,Private,3,6170,Vacant
RM00480,H017,504,General,2,1397,Occupied
RM00481,H017,401,Private,5,6394,Occupied
RM00482,H017,108,Private,3,6466,Vacant
RM00483,H017,309,General,6,1306,Occupied
RM00484,H018,325,ICU,4,11912,Vacant
RM00485,H018,605,ICU,6,12401,Occupied
RM00486,H018,523,ICU,1,11994,Occupied
RM00487,H018,225,Private,5,6088,Vacant
RM00488,H018,427,General,2,1323,Vacant
RM00489,H018,528,ICU,3,12155,Vacant
RM00490,H018,311,Emergency,5,4108,Occupied
RM00491,H018,215,Semi-Private,6,3295,Maintenance
RM00492,H018,204,General,5,1355,Occupied
RM00493,H018,405,ICU,3,11981,Occupied
RM00494,H018,624,Semi-Private,3,3060,Vacant
RM00495,H018,123,Private,5,5839,Occupied
RM00496,H018,321,ICU,2,11866,Vacant
RM00497,H018,507,General,1,1725,Occupied
RM00498,H018,307,Private,6,6301,Occupied
RM00499,H018,306,Emergency,3,4255,Vacant
RM00500,H018,306,Private,2,6271,Maintenance
RM00501,H018,223,Private,3,6379,Vacant
RM00502,H018,317,Semi-Private,4,3332,Vacant
RM00503,H018,621,Emergency,6,3998,Occupied
RM00504,H018,211,Private,1,5988,Maintenance
RM00505,H019,430,Semi-Private,4,3067,Vacant
RM00506,H019,107,Emergency,2,4330,Occupied
RM00507,H019,230,General,4,1309,Occupied
RM00508,H019,623,ICU,4,12143,Occupied
RM00509,H019,128,Semi-Private,6,3441,Vacant
RM00510,H019,124,General,3,1312,Vacant
RM00511,H019,609,Semi-Private,2,2848,Occupied
RM00512,H019,421,Emergency,2,4366,Occupied
RM00513,H019,327,Semi-Private,1,2855,Occupied
RM00514,H019,624,Private,4,6045,Occupied
RM00515,H019,414,ICU,5,12086,Vacant
RM00516,H019,428,Semi-Private,3,3319,Occupied
RM00517,H019,320,Emergency,1,4420,Vacant
RM00518,H019,629,Emergency,3,3916,Vacant
RM00519,H019,326,Private,3,6128,Occupied
RM00520,H019,513,Semi-Private,4,3309,Occupied
RM00521,H019,510,Private,2,6354,Occupied
RM00522,H019,618,Emergency,5,4473,Occupied
RM00523,H019,413,ICU,2,12049,Vacant
RM00524,H019,526,Semi-Private,1,3417,Occupied
RM00525,H019,324,Private,1,6188,Occupied
RM00526,H019,526,Private,4,6267,Occupied
RM00527,H019,609,Private,6,6387,Occupied
RM00528,H019,128,Private,4,6180,Vacant
RM00529,H019,412,ICU,1,11985,Vacant
RM00530,H019,422,ICU,6,12464,Vacant
RM00531,H019,115,Emergency,3,4031,Occupied
RM00532,H019,508,Semi-Private,3,3174,Occupied
RM00533,H019,208,Emergency,3,4482,Vacant
RM00534,H019,304,ICU,3,12344,Occupied
RM00535,H019,120,Semi-Private,3,3298,Occupied
RM00536,H019,514,Private,4,6218,Maintenance
RM00537,H019,625,Private,4,5885,Occupied
RM00538,H019,522,Emergency,2,4035,Vacant
RM00539,H019,304,Private,3,6191,Occupied
RM00540,H019,419,Emergency,6,4009,Occupied
RM00541,H019,322,Semi-Private,2,3429,Occupied
RM00542,H019,620,Private,2,6284,Maintenance
RM00543,H019,621,Private,6,5963,Vacant
RM00544,H019,203,Emergency,6,3882,Vacant
RM00545,H019,415,Emergency,6,4070,Vacant
RM00546,H019,417,Private,4,6338,Vacant
RM00547,H019,201,Semi-Private,4,2864,Occupied
RM00548,H019,420,General,3,1557,Vacant
RM00549,H019,213,Emergency,5,4310,Vacant
RM00550,H019,523,General,4,1358,Vacant
RM00551,H019,224,Private,5,6369,Vacant
RM00552,H020,112,Private,3,5879,Vacant
RM00553,H020,519,Emergency,3,4416,Occupied
RM00554,H020,626,Private,1,5925,Vacant
RM00555,H020,213,Private,1,6118,Occupied
RM00556,H020,301,ICU,3,12166,Occupied
RM00557,H020,217,Semi-Private,6,3136,Vacant
RM00558,H020,521,Emergency,2,4465,Occupied
RM00559,H020,102,Emergency,6,4041,Occupied
RM00560,H020,230,Private,1,6369,Vacant
RM00561,H021,101,General,3,1961,Vacant
RM00562,H021,313,Semi-Private,1,2923,Vacant
RM00563,H021,521,Semi-Private,3,3065,Vacant
RM00564,H021,524,Emergency,6,4268,Vacant
RM00565,H021,204,ICU,6,12142,Occupied
RM00566,H021,118,General,4,1747,Occupied
RM00567,H021,330,General,6,1432,Vacant
RM00568,H021,615,Private,5,5818,Maintenance
RM00569,H021,322,Private,1,6196,Occupied
RM00570,H021,208,Emergency,3,4382,Vacant
RM00571,H021,517,Private,4,6207,Vacant
RM00572,H021,523,General,4,1589,Maintenance
RM00573,H021,630,Emergency,3,3877,Maintenance
RM00574,H021,208,General,3,1883,Occupied
RM00575,H021,529,Private,6,6009,Vacant
RM00576,H021,613,General,2,1774,Occupied
RM00577,H021,213,Private,3,6014,Occupied
RM00578,H021,228,General,5,1846,Occupied
RM00579,H022,404,Private,4,5965,Vacant
RM00580,H022,316,Emergency,6,4182,Vacant
RM00581,H022,402,Emergency,6,3853,Vacant
RM00582,H022,404,Private,3,6184,Vacant
RM00583,H022,508,Private,5,6445,Occupied
RM00584,H022,114,General,4,1815,Occupied
RM00585,H022,426,ICU,4,12339,Vacant
RM00586,H022,605,Semi-Private,3,3432,Occupied
RM00587,H022,220,Private,2,5842,Occupied
RM00588,H022,128,ICU,5,12384,Vacant
RM00589,H022,424,Semi-Private,1,3053,Vacant
RM00590,H023,121,ICU,3,12248,Vacant
RM00591,H023,228,Private,6,5993,Vacant
RM00592,H023,215,Emergency,6,4337,Occupied
RM00593,H023,403,Semi-Private,4,2874,Occupied
RM00594,H023,529,Private,5,5821,Occupied
RM00595,H023,123,ICU,2,11840,Occupied
RM00596,H023,310,ICU,3,12186,Occupied
RM00597,H023,223,ICU,4,12014,Occupied
RM00598,H023,625,Emergency,1,4013,Vacant
RM00599,H023,626,Semi-Private,2,2980,Occupied
RM00600,H023,325,General,2,1399,Occupied
RM00601,H024,524,ICU,5,12362,Vacant
RM00602,H024,321,General,5,1756,Vacant
RM00603,H024,424,Semi-Private,1,2894,Occupied
RM00604,H024,325,Semi-Private,4,3382,Vacant
RM00605,H024,616,Semi-Private,6,3282,Vacant
RM00606,H024,501,Private,1,5983,Vacant
RM00607,H024,620,Emergency,2,4433,Occupied
RM00608,H024,108,General,2,1754,Occupied
RM00609,H024,329,Private,4,6073,Vacant
RM00610,H024,302,Emergency,6,4283,Vacant
RM00611,H024,603,Emergency,1,4031,Vacant
RM00612,H024,207,Emergency,4,4393,Occupied
RM00613,H024,508,Private,5,5951,Vacant
RM00614,H024,203,Emergency,2,4361,Occupied
RM00615,H024,622,General,2,1555,Vacant
RM00616,H024,424,Semi-Private,4,3003,Vacant
RM00617,H024,110,ICU,6,11863,Occupied
RM00618,H025,120,ICU,3,12173,Vacant
RM00619,H025,129,ICU,6,12127,Occupied
RM00620,H025,121,Emergency,1,3811,Occupied
RM00621,H025,510,Emergency,6,3954,Vacant
RM00622,H025,206,Emergency,2,3865,Vacant
RM00623,H025,617,ICU,5,12151,Vacant
RM00624,H025,507,Emergency,6,4465,Occupied
RM00625,H025,122,General,5,1913,Vacant
RM00626,H025,116,General,2,1535,Occupied
RM00627,H025,629,Semi-Private,6,3309,Occupied
RM00628,H025,508,ICU,1,11892,Vacant
RM00629,H025,304,Private,1,6321,Vacant
RM00630,H025,325,Semi-Private,3,3056,Occupied
RM00631,H025,410,Semi-Private,2,3073,Vacant
RM00632,H025,126,Private,4,6313,Occupied
RM00633,H025,424,Private,4,5844,Occupied
RM00634,H025,217,Emergency,6,4455,Occupied
RM00635,H025,503,General,3,1749,Vacant
RM00636,H025,101,Emergency,3,4456,Occupied
RM00637,H025,425,Emergency,5,3979,Vacant
RM00638,H025,329,Semi-Private,1,2828,Vacant
RM00639,H025,305,Semi-Private,3,2847,Occupied
RM00640,H025,204,ICU,1,12185,Vacant
RM00641,H025,510,ICU,3,11867,Vacant
RM00642,H025,426,ICU,4,12489,Vacant
RM00643,H025,403,Emergency,6,4280,Vacant
RM00644,H025,423,Emergency,2,4376,Maintenance
RM00645,H025,628,Semi-Private,1,3108,Occupied
RM00646,H025,412,Emergency,6,4359,Vacant
RM00647,H025,123,General,3,1364,Occupied
RM00648,H025,524,General,2,1652,Vacant
RM00649,H025,202,Semi-Private,4,3152,Occupied
RM00650,H025,418,ICU,2,12132,Vacant
RM00651,H025,229,Private,5,6326,Occupied
RM00652,H025,320,General,4,1325,Vacant
RM00653,H026,419,Private,1,6182,Vacant
RM00654,H026,321,Emergency,6,4400,Vacant
RM00655,H026,424,General,1,1565,Occupied
RM00656,H026,316,General,2,1322,Vacant
RM00657,H026,518,ICU,4,12139,Vacant
RM00658,H026,206,ICU,2,12334,Vacant
RM00659,H026,108,Private,2,6495,Occupied
RM00660,H026,602,Emergency,2,4499,Vacant
RM00661,H026,216,General,6,1788,Occupied
RM00662,H026,227,Semi-Private,2,3125,Occupied
RM00663,H026,326,Semi-Private,1,3247,Occupied
RM00664,H026,603,Private,6,6178,Occupied
RM00665,H026,528,General,5,1506,Occupied
RM00666,H026,109,ICU,1,12189,Occupied
RM00667,H026,327,Semi-Private,3,3025,Vacant
RM00668,H026,530,Private,1,6463,Vacant
RM00669,H026,227,Emergency,3,4154,Vacant
RM00670,H026,610,ICU,6,12230,Vacant
RM00671,H026,208,Semi-Private,1,3078,Vacant
RM00672,H026,122,Semi-Private,6,3147,Occupied
RM00673,H026,504,General,3,1978,Occupied
RM00674,H026,211,Private,1,6240,Occupied
RM00675,H026,327,Semi-Private,5,3479,Occupied
RM00676,H026,509,Emergency,5,3864,Maintenance
RM00677,H026,215,Private,2,6043,Occupied
RM00678,H026,528,Semi-Private,2,3343,Occupied
RM00679,H026,313,Private,5,6149,Vacant
RM00680,H026,229,General,2,1309,Vacant
RM00681,H026,307,General,5,1604,Vacant
RM00682,H026,605,Emergency,4,4408,Occupied
RM00683,H027,225,Semi-Private,6,3086,Occupied
RM00684,H027,507,General,6,1678,Vacant
RM00685,H027,109,Emergency,4,3916,Vacant
RM00686,H027,124,General,3,1341,Vacant
RM00687,H027,530,Emergency,2,4081,Occupied
RM00688,H027,426,ICU,1,12467,Occupied
RM00689,H027,124,General,1,1875,Vacant
RM00690,H027,128,Semi-Private,4,3047,Occupied
RM00691,H027,619,Emergency,4,4007,Occupied
RM00692,H027,308,Private,6,6046,Vacant
RM00693,H027,307,ICU,1,12306,Maintenance
RM00694,H027,513,Semi-Private,1,2989,Vacant
RM00695,H027,301,Semi-Private,6,3486,Occupied
RM00696,H027,319,Semi-Private,2,3305,Vacant
RM00697,H027,503,Private,5,6033,Occupied
RM00698,H027,205,General,5,1784,Maintenance
RM00699,H027,122,Private,5,6405,Occupied
RM00700,H027,617,ICU,6,12067,Vacant
RM00701,H027,303,Semi-Private,6,3374,Vacant
RM00702,H027,627,General,2,1744,Occupied
RM00703,H027,610,General,5,1442,Vacant
RM00704,H027,303,Emergency,4,4038,Vacant
RM00705,H028,316,Private,4,6465,Vacant
RM00706,H028,421,Semi-Private,5,3226,Vacant
RM00707,H028,522,Semi-Private,2,2805,Occupied
RM00708,H028,324,General,6,1776,Occupied
RM00709,H028,328,Private,6,5993,Vacant
RM00710,H028,110,Semi-Private,2,3056,Vacant
RM00711,H028,112,Emergency,5,4375,Vacant
RM00712,H028,613,Semi-Private,5,3281,Occupied
RM00713,H028,222,Semi-Private,4,3011,Occupied
RM00714,H028,630,Private,1,5946,Vacant
RM00715,H028,102,Semi-Private,5,2908,Vacant
RM00716,H028,220,General,1,1371,Occupied
RM00717,H028,116,Private,3,6182,Maintenance
RM00718,H028,526,ICU,4,11972,Occupied
RM00719,H028,209,ICU,5,12112,Vacant
RM00720,H028,202,Private,3,6018,Occupied
RM00721,H028,629,Private,4,6144,Vacant
RM00722,H028,505,General,2,1867,Occupied
RM00723,H028,504,Emergency,4,3882,Occupied
RM00724,H028,603,ICU,5,12134,Vacant
RM00725,H028,116,Emergency,2,3946,Vacant
RM00726,H028,313,General,2,1657,Occupied
RM00727,H028,510,Semi-Private,4,3332,Vacant
RM00728,H028,623,Semi-Private,5,3254,Occupied
RM00729,H028,207,Semi-Private,5,3028,Vacant
RM00730,H028,402,Semi-Private,3,3424,Occupied
RM00731,H028,423,Semi-Private,3,2829,Occupied
RM00732,H028,318,Private,3,6431,Occupied
RM00733,H028,530,Private,1,5969,Occupied
RM00734,H028,101,Semi-Private,5,2901,Occupied
RM00735,H028,618,Private,6,5824,Vacant
RM00736,H028,308,General,6,1828,Occupied
RM00737,H028,408,Semi-Private,4,3451,Vacant
RM00738,H029,502,Private,5,6386,Occupied
RM00739,H029,403,Private,5,6456,Vacant
RM00740,H029,607,General,2,1603,Vacant
RM00741,H029,229,ICU,1,12091,Maintenance
RM00742,H029,207,General,3,1566,Occupied
RM00743,H029,402,Semi-Private,2,3129,Occupied
RM00744,H029,210,ICU,6,12362,Occupied
RM00745,H029,128,Private,6,6161,Occupied
RM00746,H029,604,ICU,5,11857,Vacant
RM00747,H029,505,Private,2,6477,Vacant
RM00748,H029,527,Semi-Private,4,3224,Occupied
RM00749,H029,612,Emergency,6,3907,Vacant
RM00750,H029,501,General,5,1484,Vacant
RM00751,H029,311,ICU,6,12263,Occupied
RM00752,H029,328,ICU,5,12466,Vacant
RM00753,H029,301,Semi-Private,4,3239,Vacant
RM00754,H029,427,Semi-Private,6,3036,Occupied
RM00755,H029,325,Semi-Private,2,3307,Occupied
RM00756,H029,313,General,2,1354,Occupied
RM00757,H029,511,General,5,1511,Vacant
RM00758,H029,225,Private,5,6201,Occupied
RM00759,H030,102,Semi-Private,2,3213,Occupied
RM00760,H030,410,Private,4,6070,Vacant
RM00761,H030,213,Emergency,4,4302,Occupied
RM00762,H030,113,Semi-Private,1,3332,Occupied
RM00763,H030,230,General,5,1906,Occupied
RM00764,H030,120,Private,2,6399,Occupied
RM00765,H030,629,Emergency,6,4200,Occupied
RM00766,H030,212,Emergency,2,4435,Vacant
RM00767,H030,406,Private,1,6132,Occupied
RM00768,H030,227,ICU,4,12265,Vacant
RM00769,H030,520,Emergency,6,3961,Vacant
RM00770,H030,103,ICU,2,12241,Occupied
RM00771,H030,413,General,4,1524,Occupied
RM00772,H030,123,Semi-Private,6,3458,Occupied
RM00773,H030,319,ICU,3,11868,Occupied
RM00774,H030,424,ICU,2,11824,Vacant
RM00775,H030,229,Private,2,6253,Vacant
RM00776,H030,526,ICU,4,12412,Occupied
RM00777,H030,215,ICU,4,11953,Vacant
RM00778,H030,219,Private,4,6474,Vacant
RM00779,H030,202,ICU,1,12276,Vacant
RM00780,H030,223,Semi-Private,2,3454,Vacant
RM00781,H030,529,Emergency,1,4285,Occupied
RM00782,H030,621,Semi-Private,3,3228,Occupied
RM00783,H030,104,Semi-Private,5,3264,Vacant
RM00784,H030,613,General,2,1692,Vacant
RM00785,H030,516,Emergency,4,4025,Occupied
RM00786,H030,112,General,6,1952,Vacant
RM00787,H030,310,Semi-Private,4,3335,Occupied
RM00788,H030,120,General,3,1759,Vacant
RM00789,H030,425,Private,6,6406,Occupied
RM00790,H030,613,Semi-Private,6,2901,Occupied
RM00791,H030,230,ICU,6,12424,Vacant
RM00792,H030,419,Emergency,2,4383,Occupied
RM00793,H030,221,ICU,4,12301,Occupied
RM00794,H030,220,ICU,4,12194,Occupied
RM00795,H030,216,Private,2,6212,Occupied
RM00796,H030,312,ICU,1,12062,Occupied
RM00797,H030,304,Emergency,6,4000,Maintenance
RM00798,H030,519,Semi-Private,1,2900,Occupied
RM00799,H030,226,Private,5,6461,Occupied
RM00800,H030,501,ICU,4,12294,Vacant
